cntry_code,cntry_name,market_value_residence_2003,market_value_nationality_2003,mv_difference_nat_vs_res_2003,market_value_residence_2004,market_value_nationality_2004,mv_difference_nat_vs_res_2004,market_value_residence_2005,market_value_nationality_2005,mv_difference_nat_vs_res_2005,market_value_residence_2006,market_value_nationality_2006,mv_difference_nat_vs_res_2006,market_value_residence_2007,market_value_nationality_2007,mv_difference_nat_vs_res_2007,market_value_residence_2008,market_value_nationality_2008,mv_difference_nat_vs_res_2008,market_value_residence_2009,market_value_nationality_2009,mv_difference_nat_vs_res_2009,market_value_residence_2010,market_value_nationality_2010,mv_difference_nat_vs_res_2010,market_value_residence_2011,market_value_nationality_2011,mv_difference_nat_vs_res_2011,market_value_residence_2012,market_value_nationality_2012,mv_difference_nat_vs_res_2012,market_value_residence_2013,market_value_nationality_2013,mv_difference_nat_vs_res_2013,market_value_residence_2014,market_value_nationality_2014,mv_difference_nat_vs_res_2014,market_value_residence_2015,market_value_nationality_2015,mv_difference_nat_vs_res_2015,market_value_residence_2016,market_value_nationality_2016,mv_difference_nat_vs_res_2016,market_value_residence_2017,market_value_nationality_2017,mv_difference_nat_vs_res_2017,market_value_residence_2018,market_value_nationality_2018,mv_difference_nat_vs_res_2018,market_value_residence_2019,market_value_nationality_2019,mv_difference_nat_vs_res_2019,market_value_residence_2020,market_value_nationality_2020,mv_difference_nat_vs_res_2020,market_value_residence_2021,market_value_nationality_2021,mv_difference_nat_vs_res_2021,market_value_residence_2022,market_value_nationality_2022,mv_difference_nat_vs_res_2022,market_value_residence_2023,market_value_nationality_2023,mv_difference_nat_vs_res_2023,market_value_residence_2024,market_value_nationality_2024,mv_difference_nat_vs_res_2024
1007,UNITED STATES,0,181900,181900,0,243603,243603,0,282298,282298,0,347018,347018,0,445718,445718,0,199420,199420,0,313794,313794,0,383955,383955,0,334221,334221,0,398387,398387,0,658172,658172,0,736936,736936,0,823467,823467,0,895294,895294,0,995280,995280,0,804373,804373,0,1032747,1032747,0,1021700,1021700,0,1311000,1311000,0,1092974,1092975,0,1287642,1287642,0,1429543,1429543
10103,ANDORRA,0,0,0,0,0,0,0,0,0,0,0,0,0,0,0,0,0,0,0,0,0,0,0,0,0,0,0,0,0,0,0,0,0,0,0,0,0,0,0,0,0,0,0,0,0,0,0,0,0,0,0,0,0,0,0,0,0,0,0,0,0,0,0,0,0,0
10189,AUSTRIA,3909,3890,-19,8917,8882,-35,10684,10786,102,18134,18268,134,19999,20147,148,5533,5575,42,9866,9969,103,12280,12371,91,6096,6211,115,8809,8870,61,11292,11287,-5,11156,10845,-311,10510,10310,-200,10857,10588,-269,18753,16930,-1822,12044,11418,-626,13871,13102,-769,12046,11284,-762,17212,16280,-932,12005,11546,-459,13822,13266,-556,15436,15219,-217
10251,BELGIUM,10543,10548,5,17948,17957,9,19873,20780,907,28768,29776,1008,31425,32071,645,15628,15645,17,28069,28069,0,28662,28621,-41,27958,27958,0,38530,38530,0,47371,47371,0,50000,50000,0,56298,56298,0,47252,47295,43,55693,56270,576,37642,41936,4294,51788,57115,5328,50930,63018,12088,53496,70268,16772,44486,61315,16830,45043,64044,19000,43463,67539,24076
10405,CYPRUS,10,3,-7,3,3,0,105,105,0,726,555,-171,2304,1273,-1031,425,241,-183,790,381,-409,956,344,-611,794,283,-510,1234,299,-935,2673,1718,-954,1158,617,-541,789,248,-541,622,578,-44,801,667,-134,755,402,-352,1324,686,-638,2369,1237,-1132,5835,125,-5710,2128,501,-1627,2001,44,-1956,1406,43,-1363
10502,DENMARK,10407,10407,0,14475,14473,-2,15640,15695,55,21163,21235,72,32971,33039,69,19756,19775,18,26952,26956,4,38215,38219,4,32491,32478,-13,43286,43284,-2,55019,55016,-3,62758,62790,31,79604,79598,-6,61592,61616,24,84792,84863,71,72077,72149,72,97689,97782,93,139000,139068,67,160847,160888,41,159106,158670,-436,204445,204698,253,211478,212000,521
10545,GREENLAND,0,0,0,0,0,0,0,0,0,0,0,0,0,0,0,0,0,0,0,0,0,0,0,0,0,0,0,0,0,0,0,0,0,13,13,0,10,10,0,8,8,0,5,0,-5,4,0,-4,4,0,-4,3,0,-3,3,0,-3,1,1,0,1,1,0,0,0,0
10618,FAROE ISLANDS,0,0,0,0,0,0,0,0,0,0,0,0,14,0,-14,6,0,-6,3,0,-3,27,0,-27,19,0,-19,22,0,-22,58,4,-54,119,17,-102,163,4,-159,252,3,-249,233,6,-227,767,3,-764,617,2,-615,607,1,-606,555,1,-555,19,1,-18,566,1,-565,597,1,-595
10707,FINLAND,35084,34818,-266,33767,33646,-121,44283,44001,-282,55842,55535,-307,90154,89769,-386,35753,35726,-27,29643,29643,0,27244,27244,0,17480,17480,0,20188,20188,0,33360,33358,-2,31309,32168,859,33008,32996,-12,34692,35047,355,39473,39456,-16,39752,35627,-4125,38410,34677,-3732,46100,42451,-3648,54477,48126,-6351,44763,38280,-6483,41977,41655,-322,38905,39262,357
10804,FRANCE,130358,136747,6389,164530,169985,5455,205053,210876,5823,306358,317285,10927,345813,362783,16969,206403,213509,7106,243291,257778,14487,234366,246638,12272,204640,212630,7989,245755,253736,7981,334509,353748,19239,305006,320060,15054,319576,337096,17519,337581,361610,24029,433530,472154,38624,375071,406321,31250,455117,506278,51161,467061,515920,48859,562262,616852,54589,491247,539647,48399,577026,635584,58558,514735,567248,52514
11002,GERMANY,97445,99055,1610,118413,120639,2226,151885,153589,1704,212380,215360,2980,317653,319435,1782,153503,155253,1749,184253,186764,2511,189167,191008,1841,157932,160191,2259,208046,210401,2355,279122,284490,5368,252637,256345,3709,264673,269347,4673,274280,279284,5004,375441,381364,5923,282105,289532,7426,353075,357883,4808,387896,390355,2459,419139,430993,11854,333275,340276,7000,390799,397304,6505,424200,432358,8158
11088,GIBRALTAR,1,6,5,64,64,0,211,78,-133,135,12,-123,95,4,-91,64,4,-60,97,4,-93,265,6,-260,466,30,-436,408,38,-370,462,61,-400,384,2,-381,245,10,-235,75,11,-64,198,13,-185,81,0,-81,77,0,-76,219,0,-219,221,1,-220,44,2,-42,96,1,-95,29,1,-28
11207,GREECE,3949,4025,76,6958,7145,187,9497,9911,414,14410,15729,1319,23669,28329,4660,7722,9483,1761,9508,12357,2848,5991,9006,3015,2846,4528,1682,3536,5241,1705,4736,8844,4109,6179,9432,3253,4774,6620,1846,4914,6133,1219,6569,8642,2073,4617,5498,881,7342,9155,1813,5956,7335,1379,7017,10998,3981,7314,10515,3201,11161,14393,3232,13181,16676,3495
11304,ICELAND,3,3,0,2,2,0,5,5,0,28,28,0,26,26,0,1,1,0,22,22,0,73,73,0,139,139,0,154,154,0,124,124,0,72,72,0,141,141,0,225,225,0,739,739,0,439,457,17,828,832,4,1003,1003,0,997,997,0,635,647,12,628,745,117,567,689,123
11401,IRELAND,20590,18796,-1794,29911,27536,-2375,28177,25724,-2453,41407,38201,-3206,36759,34125,-2633,14296,12921,-1375,69452,15757,-53695,92459,14999,-77460,86316,18704,-67612,123144,25887,-97257,209089,30562,-178527,311228,31160,-280068,391445,33726,-357719,353766,29373,-324393,385428,41321,-344108,386356,31959,-354396,522587,40402,-482185,563275,52149,-511126,729179,61152,-668027,598194,52548,-545647,735332,57895,-677437,837500,41117,-796383
11509,ITALY,38874,39293,419,57385,57956,571,63775,65204,1429,92401,95359,2958,96466,101125,4659,46785,48661,1876,59102,62842,3741,50941,56224,5284,39900,43288,3389,53643,57056,3412,74472,81550,7078,63482,72079,8596,71830,82281,10451,64162,79891,15729,95567,120908,25341,75601,94839,19238,97456,122430,24975,94989,128398,33409,105559,148050,42491,78360,113977,35617,99471,141364,41893,113526,149581,36055
11606,LIECHTENSTEIN,19,19,0,35,21,-14,64,31,-33,240,96,-144,253,186,-67,183,183,0,206,2,-204,299,299,0,103,103,0,70,70,0,92,92,0,78,78,0,57,57,0,59,59,0,57,57,0,58,2,-57,58,0,-58,62,4,-58,47,1,-46,31,0,-30,35,0,-35,7,0,-7
11703,LUXEMBOURG,4083,1235,-2848,5669,2468,-3201,7995,3341,-4654,11603,2392,-9211,30332,5323,-25009,10367,1566,-8801,23858,3953,-19905,25797,3853,-21944,19007,3794,-15213,20538,6139,-14399,31046,9333,-21713,24546,3342,-21204,17428,2583,-14845,24976,2489,-22487,33384,3306,-30078,39401,9033,-30369,41351,3111,-38240,66392,3847,-62545,68175,8759,-59416,46687,5458,-41229,56153,4971,-51183,80662,5718,-74943
11819,MALTA,0,0,0,0,0,0,0,0,0,82,0,-82,50,0,-50,13,1,-13,13,0,-13,1,1,0,39,4,-35,60,0,-60,157,2,-156,402,21,-381,800,41,-759,523,4,-519,632,23,-609,701,19,-681,371,5,-366,921,12,-909,927,24,-903,718,7,-712,631,1,-630,109,1,-108
12009,MONACO,3,3,0,8,8,0,9,9,0,10,10,0,16,16,0,13,13,0,12,12,0,27,27,0,9,9,0,5,5,0,12,12,0,10,10,0,11,11,0,9,9,0,19,93,74,14,12,-1,30,12,-18,10,42,32,7,5,-1,8,44,36,9,68,59,4,3,-1
12106,NETHERLANDS,113611,109538,-4073,134844,128332,-6512,129196,117613,-11583,157133,137449,-19684,146914,128276,-18638,71929,63226,-8703,102615,90858,-11757,112942,89003,-23939,110666,84954,-25712,137187,102315,-34872,216292,136066,-80226,218092,144536,-73556,243634,149242,-94393,254160,165589,-88571,338653,223258,-115394,263809,174654,-89154,366244,252127,-114117,419162,313023,-106139,551807,368013,-183794,402690,260716,-141974,491194,315620,-175575,466849,293678,-173171
12203,NORWAY,11966,12180,214,18144,19105,961,21956,24434,2478,32039,36502,4463,45191,52594,7403,13134,16335,3201,22501,27429,4928,22861,33419,10557,21058,31086,10027,24275,35510,11234,28515,42919,14404,24840,31208,6368,22076,25605,3528,26662,29990,3328,35213,37868,2655,32100,34844,2744,35121,38921,3800,36558,39829,3271,44379,52672,8293,48969,60261,11292,36966,51573,14608,28787,36679,7892
12319,PORTUGAL,3925,4433,508,5496,5496,0,5317,5317,0,5978,5978,0,6104,6104,0,3375,3375,0,5236,5198,-38,5357,5357,0,3565,3565,0,4524,4656,133,7419,8046,627,6424,6426,2,7476,7476,0,7518,7518,0,8934,8934,0,6223,6227,3,8906,8909,3,9048,9072,24,8770,10186,1417,9629,10744,1115,10287,11408,1121,9049,9636,587
12408,SAN MARINO,0,0,0,0,0,0,0,0,0,0,0,0,0,0,0,0,0,0,0,0,0,0,0,0,0,0,0,0,0,0,0,0,0,0,0,0,0,0,0,0,0,0,0,0,0,0,0,0,0,0,0,0,0,0,0,0,0,0,0,0,0,0,0,0,0,0
12505,SPAIN,43702,43700,-2,62788,62746,-42,63229,63199,-30,84758,84732,-26,104915,104861,-54,61761,61751,-10,86044,85936,-108,64215,64202,-13,52119,52192,73,61327,61258,-69,89717,89686,-31,90315,91280,965,88748,89831,1082,90093,90002,-91,122744,123977,1233,103296,103131,-164,109956,109490,-466,109725,88600,-21124,114961,116115,1153,97197,97935,738,117362,122022,4659,125125,129295,4170
12602,SWEDEN,27283,27501,218,38114,38536,422,40090,40919,829,58630,60459,1829,56516,61099,4583,29990,31564,1574,43391,46166,2775,62558,66554,3995,52365,56080,3714,64978,67313,2335,86560,88988,2428,84250,88766,4516,85658,90576,4918,84206,86112,1906,104936,108113,3177,88386,101861,13475,108120,125102,16982,151656,181744,30088,203151,229563,26412,126155,140830,14675,150234,168019,17785,130696,177737,47041
12688,SWITZERLAND,117499,115515,-1984,138115,138139,24,191652,191272,-380,262470,264656,2186,280303,282074,1771,213211,194128,-19082,297281,234308,-62973,317918,244700,-73217,276159,218109,-58050,321521,260918,-60603,427317,338710,-88606,407223,354340,-52884,404639,352440,-52199,404632,324826,-79806,476103,386214,-89889,425914,346924,-78989,549751,450620,-99130,587227,493836,-93391,694893,567182,-127710,545774,430718,-115056,603900,459135,-144766,553866,423119,-130747
12807,TURKEY,3766,3770,4,5528,5547,19,11072,11092,20,11143,11168,25,19654,19661,8,9881,9891,9,21226,21226,0,30322,30392,70,17004,17065,61,30421,30425,3,21510,21513,3,26809,26809,0,16868,16869,1,15314,15314,0,22046,22049,3,12612,12614,2,13854,13854,0,11295,11295,0,7723,7723,0,12038,12105,68,12757,12824,68,12843,12909,66
13005,UNITED KINGDOM,412718,408568,-4150,447669,445459,-2210,527951,531978,4027,657230,664921,7691,683316,696741,13425,352765,364815,12050,526907,545332,18425,586109,605033,18924,585114,606537,21423,683506,695797,12291,897620,888329,-9291,840202,847512,7311,823015,814784,-8231,799580,791964,-7616,1019448,1004821,-14628,857266,833161,-24105,937464,897370,-40094,814368,810728,-3640,967924,939905,-28019,854579,849750,-4829,926129,968339,42210,1048208,1065599,17392
13006,GUERNSEY,4185,538,-3647,4993,670,-4323,5400,735,-4665,8886,775,-8111,9525,1203,-8323,3778,395,-3383,5627,173,-5454,5621,135,-5486,5437,192,-5244,7461,1740,-5721,10304,3616,-6688,10843,3254,-7589,8105,1535,-6570,7728,897,-6831,14077,3993,-10085,11330,2981,-8349,10019,1362,-8658,9281,1743,-7538,9291,855,-8436,9616,834,-8782,15656,1293,-14363,11438,1363,-10076
13007,JERSEY,789,631,-158,279,234,-45,592,370,-222,2463,685,-1778,4391,1654,-2737,9571,1880,-7691,17663,200,-17463,19110,773,-18336,25829,610,-25218,31521,1495,-30026,56607,1929,-54679,72001,3460,-68541,71410,2307,-69103,75200,562,-74638,94271,3070,-91201,72286,3420,-68865,83956,4097,-79859,106718,5915,-100803,122903,1019,-121884,100281,2953,-97328,106877,2488,-104389,84160,2906,-81254
13008,ISLE OF MAN,0,0,0,0,0,0,35,35,0,541,242,-299,1139,554,-586,275,71,-204,1058,109,-949,1691,200,-1491,1465,262,-1203,1446,192,-1254,2142,222,-1920,1859,98,-1761,2464,285,-2179,3140,418,-2722,4764,868,-3896,2112,112,-2001,3459,329,-3130,5044,74,-4970,7167,74,-7093,5439,53,-5386,4420,53,-4368,4121,48,-4073
13102,HOLY SEE (VATICAN CITY),0,0,0,0,0,0,0,0,0,0,0,0,0,0,0,0,0,0,0,0,0,0,0,0,0,0,0,0,0,0,0,0,0,0,0,0,0,0,0,0,0,0,0,0,0,0,0,0,0,0,0,0,0,0,0,0,0,0,0,0,0,0,0,0,0,0
13218,SERBIA,0,0,0,0,0,0,7,7,0,105,105,0,201,201,0,2,2,0,6,6,0,12,12,0,28,28,0,16,16,0,11,11,0,13,13,0,5,5,0,7,7,0,11,11,0,11,11,0,16,16,0,14,14,0,1,1,0,1,1,0,0,0,0,0,0,0
13471,KOSOVO,0,0,0,0,0,0,0,0,0,0,0,0,0,0,0,0,0,0,0,0,0,0,0,0,0,0,0,0,0,0,0,0,0,0,0,0,0,0,0,0,0,0,0,0,0,0,0,0,0,0,0,0,0,0,0,0,0,0,0,0,0,0,0,0,0,0
13625,MONTENEGRO,0,0,0,0,0,0,0,0,0,0,0,0,0,0,0,0,0,0,0,0,0,0,0,0,0,0,0,0,0,0,0,0,0,0,0,0,0,0,0,0,0,0,0,0,0,0,0,0,0,0,0,0,0,0,0,0,0,0,0,0,0,0,0,0,0,0
14109,BOSNIA AND HERZEGOVINA,0,0,0,4,4,0,0,0,0,0,0,0,0,0,0,0,0,0,0,0,0,0,0,0,0,0,0,0,0,0,0,0,0,0,0,0,0,0,0,0,0,0,0,0,0,0,0,0,0,0,0,0,0,0,0,0,0,0,0,0,0,0,0,0,0,0
14214,CROATIA,270,270,0,234,234,0,189,189,0,66,66,0,152,152,0,46,46,0,61,61,0,83,83,0,70,70,0,78,78,0,97,97,0,125,125,0,92,92,0,101,101,0,97,88,-9,71,64,-6,59,53,-7,30,28,-3,21,21,0,18,18,0,10,10,0,16,16,0
14338,SLOVENIA,13,13,0,1,1,0,48,48,0,116,116,0,317,317,0,133,133,0,182,182,0,191,191,0,169,169,0,161,161,0,234,234,0,217,217,0,185,185,0,135,135,0,139,139,0,281,281,0,320,320,0,284,284,0,363,363,0,271,271,0,364,364,0,507,507,0
14419,MACEDONIA,0,0,0,0,0,0,0,0,0,0,0,0,0,0,0,0,0,0,0,0,0,0,0,0,0,0,0,0,0,0,0,0,0,0,0,0,0,0,0,0,0,0,0,0,0,0,0,0,0,0,0,0,0,0,0,0,0,0,0,0,0,0,0,0,0,0
15105,ALBANIA,0,0,0,0,0,0,0,0,0,0,0,0,0,0,0,0,0,0,0,0,0,0,0,0,0,0,0,0,0,0,0,0,0,0,0,0,0,0,0,0,0,0,0,0,0,0,0,0,0,0,0,0,0,0,0,0,0,0,0,0,0,0,0,0,0,0
15202,BULGARIA,5,5,0,6,6,0,78,78,0,90,90,0,381,395,15,155,155,0,103,103,0,120,120,0,80,80,0,42,42,0,16,16,0,13,13,0,9,9,0,7,7,0,34,34,0,12,12,0,12,12,0,10,10,0,40,40,0,27,27,0,28,28,0,30,30,0
15288,CZECH REPUBLIC,1248,1425,177,1842,3095,1253,1705,4183,2478,3043,4593,1550,5121,7839,2718,3648,4214,566,4530,4996,466,4553,4839,286,3721,3859,138,3506,3838,332,2564,3170,606,2247,2896,649,1715,2522,807,1962,2075,113,2558,2786,229,2176,2340,164,2100,2323,223,1612,1620,8,2024,2030,6,1310,1312,2,1507,1507,0,1424,1424,0
15318,SLOVAKIA,14,14,0,0,0,0,1,1,0,0,0,0,0,0,0,0,0,0,0,0,0,0,0,0,0,0,0,0,0,0,0,0,0,0,0,0,0,0,0,0,0,0,0,0,0,0,0,0,0,0,0,0,0,0,0,0,0,0,0,0,0,0,0,0,0,0
15407,ESTONIA,138,138,0,303,303,0,58,58,0,57,57,0,127,127,0,52,52,0,54,54,0,72,72,0,68,68,0,100,100,0,102,102,0,71,71,0,83,83,0,79,79,0,108,108,0,88,88,0,70,70,0,46,46,0,123,123,0,32,32,0,27,27,0,9,9,0
15504,HUNGARY,2410,2410,0,4502,4502,0,4880,4880,0,7617,7617,0,7307,7307,0,2698,2698,0,4429,4429,0,3444,3444,0,2148,2148,0,2554,2554,0,2749,2749,0,2086,2086,0,2948,3266,318,3908,4476,568,5630,7341,1711,4961,6090,1128,6124,7805,1681,5267,7717,2450,5880,9364,3484,3421,4697,1276,4953,6514,1561,5697,6755,1058
15601,LATVIA,0,0,0,4,4,0,10,10,0,13,13,0,18,18,0,3,3,0,10,10,0,13,13,0,6,6,0,6,6,0,23,23,0,6,6,0,5,5,0,2,2,0,2,2,0,2,2,0,3,3,0,0,0,0,6,6,0,0,0,0,0,0,0,0,0,0
15709,LITHUANIA,3,3,0,3,3,0,20,20,0,9,9,0,29,29,0,12,12,0,21,21,0,18,18,0,11,11,0,11,11,0,17,17,0,18,18,0,17,17,0,19,19,0,25,25,0,19,19,0,19,19,0,21,21,0,37,37,0,24,24,0,23,23,0,18,18,0
15768,POLAND,1595,1595,0,3067,3065,-2,4560,4557,-3,7381,7394,13,9060,9128,69,4346,4336,-10,5215,5297,82,8262,8388,126,6402,6621,219,9952,10214,263,10531,10658,126,9813,9813,0,7835,8030,195,8782,8782,0,13276,13276,0,10555,10738,184,9134,9545,412,8680,11389,2709,10607,11882,1275,8342,9369,1027,12584,13852,1268,11607,13094,1487
15806,ROMANIA,23,23,0,119,119,0,205,205,0,329,329,0,551,551,0,143,143,0,172,172,0,188,188,0,708,708,0,927,927,0,928,928,0,1292,1292,0,705,705,0,687,687,0,683,699,16,599,630,31,732,769,37,522,550,28,625,661,36,553,578,25,724,749,25,680,711,31
16101,RUSSIA,12736,12738,2,10321,10325,4,17964,17962,-2,39334,39325,-9,73096,73424,327,19470,19480,10,44387,44501,113,54178,56622,2445,41425,45156,3730,52894,57993,5099,55438,66025,10586,29585,34269,4683,30456,34376,3920,49764,54406,4642,54624,61288,6664,45151,47362,2211,64846,66328,1483,55896,57790,1893,67623,86368,18745,25193,29788,4595,27421,30763,3342,11547,15209,3662
16209,BELARUS,0,0,0,0,0,0,0,0,0,0,0,0,0,0,0,0,0,0,0,0,0,0,0,0,0,0,0,0,0,0,0,0,0,0,0,0,0,0,0,0,0,0,372,0,-372,0,0,0,0,0,0,0,0,0,0,0,0,0,0,0,0,0,0,0,0,0
16306,MOLDOVA,0,0,0,0,0,0,0,0,0,0,0,0,0,0,0,0,0,0,0,0,0,0,0,0,0,0,0,0,0,0,0,0,0,0,0,0,0,0,0,0,0,0,0,0,0,0,0,0,0,0,0,0,0,0,0,0,0,0,0,0,0,0,0,0,0,0
16403,UKRAINE,17,17,0,13,13,0,38,38,0,209,209,0,633,633,0,100,100,0,109,109,0,149,149,0,48,48,0,19,19,0,19,19,0,37,190,153,4,38,34,2,136,133,3,247,245,4,209,205,3,213,211,2,193,191,2,209,207,1,212,210,4,202,198,4,232,228
16519,ARMENIA,0,0,0,0,0,0,0,0,0,0,0,0,0,0,0,0,0,0,0,0,0,0,0,0,0,0,0,0,0,0,0,0,0,0,0,0,0,0,0,0,0,0,0,0,0,0,0,0,0,0,0,0,0,0,0,0,0,0,0,0,0,0,0,0,0,0
16527,AZERBAIJAN,0,0,0,0,0,0,0,0,0,0,0,0,0,0,0,0,0,0,0,0,0,0,0,0,0,0,0,0,0,0,0,0,0,0,0,0,0,0,0,0,0,0,0,0,0,0,0,0,0,0,0,0,0,0,0,0,0,0,0,0,0,0,0,0,0,0
16535,GEORGIA,0,0,0,0,0,0,0,0,0,27,27,0,148,148,0,21,21,0,30,30,0,81,81,0,45,45,0,0,4,3,0,292,292,87,368,281,44,274,230,0,0,0,0,0,0,0,0,0,0,0,0,0,0,0,0,0,0,0,92,92,0,0,0,0,0,0
16543,KAZAKHSTAN,0,0,0,0,0,0,6,6,0,953,953,0,812,875,63,232,269,37,1008,1008,0,696,696,0,384,384,0,606,606,0,579,579,0,529,529,0,227,227,0,169,169,0,280,280,0,202,202,0,337,337,0,1023,1023,0,2247,2335,88,1425,1567,142,2188,2251,63,2829,2875,46
16551,KYRGYZSTAN,0,0,0,0,0,0,0,0,0,0,0,0,0,0,0,0,0,0,0,0,0,0,0,0,0,0,0,0,0,0,0,0,0,0,0,0,0,0,0,0,0,0,0,0,0,0,0,0,0,0,0,0,0,0,0,0,0,0,0,0,0,0,0,0,0,0
16578,TAJIKISTAN,0,0,0,0,0,0,0,0,0,0,0,0,0,0,0,0,0,0,0,0,0,0,0,0,0,0,0,0,0,0,0,0,0,0,0,0,0,0,0,0,0,0,0,0,0,0,0,0,0,0,0,0,0,0,0,0,0,0,0,0,0,0,0,0,0,0
16616,TURKMENISTAN,0,0,0,0,0,0,0,0,0,0,0,0,0,0,0,0,0,0,0,0,0,0,0,0,0,0,0,0,0,0,0,0,0,0,0,0,0,0,0,0,0,0,0,0,0,0,0,0,0,0,0,0,0,0,0,0,0,0,0,0,0,0,0,0,0,0
16705,UZBEKISTAN,0,0,0,0,0,0,0,0,0,0,0,0,0,0,0,0,0,0,0,0,0,0,0,0,0,0,0,0,0,0,0,0,0,0,0,0,0,0,0,0,0,0,0,0,0,0,0,0,0,0,0,0,0,0,0,0,0,0,0,0,0,0,0,0,0,0
29998,CANADA,138282,135951,-2331,176212,172971,-3241,240050,233265,-6785,290169,282842,-7327,343634,333743,-9891,163449,158726,-4723,273656,267027,-6629,385656,378409,-7247,341480,333903,-7577,370601,363745,-6856,387000,376146,-10854,398241,391885,-6356,310285,305394,-4890,397664,383347,-14318,492668,475870,-16798,443497,431592,-11905,562623,544843,-17780,650953,631493,-19460,832534,798048,-34486,677979,643920,-34058,780023,743713,-36310,851527,816452,-35074
30104,ARGENTINA,793,836,43,1130,1126,-4,1024,985,-39,1737,1669,-68,1890,1890,0,690,687,-3,1118,1111,-7,2397,2396,-2,2727,2845,118,1510,1630,120,2698,2857,159,3399,3765,366,2595,2787,192,3241,3760,519,9229,10566,1337,4190,6841,2651,2972,6595,3623,1741,8496,6755,2273,2677,404,1924,2955,1031,2802,4329,1527,7718,10763,3045
30155,BARBADOS,2,2,0,10,10,0,0,0,0,25,25,0,56,56,0,39,39,0,61,61,0,11,11,0,0,0,0,0,0,0,0,0,0,0,0,0,0,0,0,0,0,0,0,0,0,0,0,0,0,0,0,0,0,0,0,0,0,0,0,0,0,0,0,0,0,0
30201,BOLIVIA,2,2,0,0,0,0,0,0,0,0,0,0,0,0,0,0,0,0,0,0,0,0,0,0,0,0,0,0,0,0,0,0,0,0,0,0,0,0,0,17,17,0,17,17,0,17,17,0,17,17,0,17,17,0,17,17,0,0,0,0,0,0,0,0,0,0
30228,ANGUILLA,0,0,0,0,0,0,0,0,0,1,1,0,12,12,0,1,1,0,0,0,0,0,0,0,1,1,0,1,1,0,661,661,0,0,0,0,0,0,0,1,1,0,2,2,0,2,2,0,0,0,0,1,1,0,1,1,0,1,1,0,0,0,0,0,0,0
30309,BRAZIL,18131,18069,-62,27523,27529,6,48477,48474,-3,68989,68978,-11,110704,111721,1017,40635,40907,272,106448,106974,526,120098,120857,759,111628,112429,801,102972,103899,926,97550,98175,624,88015,88276,261,54191,54122,-69,80798,81220,422,119149,119189,40,98988,102770,3782,112182,124302,12120,103347,126779,23432,90943,104409,13466,103251,116358,13107,108332,138744,30412,73265,104531,31266
30406,CHILE,2052,2055,3,2518,2559,41,3481,3514,33,4357,4370,13,4342,4397,54,3970,3999,29,8228,8345,117,12376,12463,88,10500,10500,0,13342,13345,3,11893,11903,10,11118,11300,182,8671,8671,0,10721,10875,154,15680,16051,371,12249,12790,541,9770,10548,778,8795,9207,411,7108,7108,0,11075,11075,0,13384,13378,-6,12011,12011,0
30503,COLOMBIA,133,133,0,262,262,0,745,745,0,714,714,0,351,351,0,318,318,0,1635,1635,0,3444,3436,-8,4209,4191,-18,6616,6779,163,4776,5062,286,3797,4050,253,4268,4362,93,5045,5144,100,6838,6846,7,3342,3406,63,3113,3186,73,2220,2227,7,1633,3171,1538,1620,3357,1736,1315,3728,2414,1000,4819,3819
30589,COSTA RICA,0,0,0,1,1,0,20,20,0,1,1,0,0,0,0,0,0,0,1,1,0,1,1,0,3,3,0,4,4,0,18,18,0,26,26,0,12,12,0,7,7,0,11,11,0,8,8,0,7,7,0,2,2,0,0,0,0,0,0,0,11,11,0,2,2,0
30708,CUBA,0,0,0,0,0,0,0,0,0,0,0,0,0,0,0,0,0,0,0,0,0,0,0,0,0,0,0,0,0,0,0,0,0,0,0,0,0,0,0,0,0,0,0,0,0,0,0,0,0,0,0,0,0,0,0,0,0,0,0,0,0,0,0,0,0,0
30805,DOMINICAN REPUBLIC,4,4,0,0,0,0,0,0,0,1,1,0,0,0,0,1,1,0,0,0,0,0,0,0,0,0,0,11,11,0,11,11,0,11,11,0,11,11,0,0,0,0,0,0,0,0,0,0,0,0,0,0,0,0,0,0,0,0,0,0,1,1,0,1,1,0
31003,ECUADOR,5,5,0,25,25,0,41,41,0,0,0,0,0,0,0,0,0,0,0,0,0,0,0,0,0,0,0,0,0,0,0,0,0,0,0,0,0,0,0,0,0,0,0,0,0,0,0,0,0,0,0,0,0,0,0,0,0,0,188,188,0,196,196,0,198,198
31089,EL SALVADOR,0,0,0,0,0,0,0,0,0,0,0,0,5,5,0,3,3,0,4,4,0,5,5,0,0,0,0,0,0,0,0,0,0,0,0,0,0,0,0,0,0,0,0,0,0,0,0,0,0,0,0,0,0,0,0,0,0,0,0,0,0,0,0,0,0,0
31208,GUATEMALA,0,0,0,0,0,0,0,0,0,0,0,0,0,0,0,0,0,0,0,0,0,0,0,0,0,0,0,0,0,0,0,0,0,0,0,0,0,0,0,0,0,0,0,0,0,0,0,0,0,0,0,0,0,0,0,0,0,0,0,0,0,40,40,0,0,0
31305,GUYANA,0,0,0,0,0,0,0,0,0,0,0,0,0,0,0,0,0,0,0,0,0,0,0,0,0,0,0,0,0,0,0,0,0,0,0,0,0,0,0,0,0,0,0,0,0,0,0,0,0,0,0,0,0,0,0,0,0,0,0,0,0,0,0,0,0,0
31402,HAITI,0,0,0,0,0,0,0,0,0,0,0,0,0,0,0,0,0,0,0,0,0,0,0,0,0,0,0,0,0,0,0,0,0,0,0,0,0,0,0,0,0,0,0,0,0,0,0,0,0,0,0,0,0,0,0,0,0,0,0,0,0,0,0,0,0,0
31488,HONDURAS,0,0,0,0,0,0,0,0,0,0,0,0,0,0,0,0,0,0,0,0,0,0,0,0,0,0,0,0,0,0,0,0,0,0,0,0,0,0,0,0,0,0,0,0,0,0,0,0,0,0,0,0,0,0,0,0,0,0,0,0,0,0,0,0,0,0
31607,JAMAICA,1,1,0,2,1,-1,2,0,-2,2,1,-1,0,0,0,1,1,0,3,3,0,0,0,0,0,0,0,0,0,0,0,0,0,0,0,0,1,1,0,1,1,0,1,1,0,0,0,0,0,18,17,0,21,21,0,104,104,0,104,104,0,121,121,0,71,71
31704,MEXICO,28192,28190,-2,37464,37461,-3,57533,57531,-2,82010,82003,-7,85269,85269,0,44701,44701,0,62785,62785,0,73957,73957,0,57704,57704,0,73257,73257,0,69308,69308,0,62928,62928,0,52534,53325,791,50085,51475,1390,63995,65064,1069,57898,57898,1,56824,56830,6,56050,56058,8,66826,68613,1787,66257,68303,2046,83411,86047,2636,59175,60498,1322
31801,NICARAGUA,0,0,0,0,0,0,0,0,0,0,0,0,0,0,0,0,0,0,0,0,0,0,0,0,0,0,0,0,0,0,0,0,0,0,0,0,0,0,0,0,0,0,0,0,0,0,0,0,1,1,0,0,0,0,0,0,0,0,0,0,0,0,0,0,0,0
31887,PANAMA,14822,805,-14017,19450,1054,-18396,20998,1727,-19271,21340,792,-20548,25285,491,-24794,2306,572,-1734,17330,932,-16398,21751,1362,-20389,16210,1525,-14685,18053,2439,-15614,21888,4178,-17710,19757,3348,-16409,19821,1838,-17983,21273,2808,-18464,25578,3645,-21932,17585,3,-17582,20298,480,-19818,14592,538,-14054,16224,2439,-13784,10287,2653,-7634,18627,2484,-16143,24079,1916,-22163
32107,PARAGUAY,0,0,0,0,0,0,0,0,0,0,0,0,0,0,0,3,3,0,5,5,0,5,5,0,20,20,0,0,0,0,0,0,0,51,51,0,50,50,0,1,1,0,0,0,0,0,0,0,0,0,0,0,0,0,0,0,0,0,0,0,0,0,0,0,0,0
32204,PERU,1087,1142,55,666,813,147,870,1046,176,925,1461,536,1678,2973,1296,1292,2082,791,2213,3412,1200,3459,5816,2357,3148,5463,2315,3394,6820,3426,1937,5223,3287,1656,5641,3986,858,3468,2609,1746,5973,4227,2437,9018,6581,3345,10503,7158,2508,8935,6427,2702,8062,5360,2030,6258,4228,898,5642,4744,2216,7553,5337,1032,7409,6377
32409,TRINIDAD AND TOBAGO,0,0,0,5,5,0,2,2,0,0,0,0,0,0,0,0,0,0,2,2,0,3,3,0,4,4,0,2,2,0,4,4,0,2,2,0,0,0,0,0,0,0,0,0,0,0,0,0,0,0,0,0,0,0,0,0,0,0,0,0,0,0,0,0,0,0
32603,URUGUAY,3,3,0,0,0,0,3,3,0,0,0,0,0,0,0,1,1,0,1,1,0,1,1,0,1,0,-1,1,1,0,0,0,0,0,0,0,25,25,0,2,2,0,0,0,0,0,0,0,0,0,0,0,0,0,0,3487,3487,0,1551,1550,0,2433,2433,0,1461,1461
32719,VENEZUELA,405,405,0,630,630,0,481,481,0,940,940,0,416,416,0,208,208,0,138,138,0,92,92,0,61,61,0,47,47,0,71,71,0,59,59,0,234,234,0,6,6,0,74,74,0,37,37,0,0,0,0,0,0,0,0,0,0,0,0,0,0,0,0,0,0,0
35203,ANTIGUA AND BARBUDA,1,1,0,12,7,-5,32,17,-15,33,19,-14,127,51,-76,29,0,-28,114,5,-109,112,1,-111,44,0,-44,66,4,-62,134,0,-134,0,0,0,147,0,-147,143,143,0,149,149,0,118,0,-118,104,0,-104,19,0,-19,0,0,0,0,0,0,0,0,0,0,0,0
35254,ARUBA,0,0,0,0,0,0,0,0,0,0,0,0,0,0,0,0,0,0,0,0,0,0,0,0,0,0,0,0,0,0,0,0,0,0,0,0,0,0,0,0,0,0,0,0,0,0,0,0,0,0,0,0,0,0,0,0,0,0,0,0,0,0,0,1,1,0
35319,"BAHAMAS, THE",1786,785,-1001,1632,1303,-329,2250,1773,-477,897,77,-820,1047,276,-771,454,53,-401,654,78,-576,1050,84,-966,562,48,-515,581,32,-550,759,218,-541,898,263,-635,31,28,-3,89,8,-81,865,52,-813,532,452,-81,925,85,-841,747,57,-690,938,85,-853,734,20,-714,1277,1,-1276,1839,17,-1822
35602,BERMUDA,106515,8524,-97991,151432,12813,-138619,170007,14240,-155767,184597,7230,-177367,247784,8163,-239621,136968,2799,-134169,113929,3156,-110773,123512,3321,-120191,110977,2020,-108957,129092,10393,-118699,159587,9329,-150257,169713,9621,-160092,154003,5143,-148860,175022,2146,-172876,194625,4678,-189947,168278,7982,-160296,198300,7179,-191121,195820,6343,-189477,190893,2335,-188557,150585,5713,-144872,160274,6244,-154029,167907,5838,-162069
35718,BELIZE,25,28,3,26,32,6,41,41,0,27,27,0,56,56,0,23,23,0,17,17,0,18,12,-5,18,4,-13,40,3,-37,32,2,-30,2,2,0,1,1,0,1,1,0,2,2,0,1,1,0,3,3,0,0,0,0,0,0,0,0,0,0,0,0,0,0,0,0
35807,BRITISH VIRGIN ISLANDS,1589,160,-1429,3104,775,-2329,4739,1320,-3419,3698,1139,-2559,4263,1440,-2823,2413,577,-1835,3410,1076,-2334,5349,1466,-3883,6911,1390,-5521,12207,2353,-9854,24038,7506,-16532,21532,6393,-15140,12835,3646,-9190,9146,632,-8513,14744,2248,-12495,12873,1988,-10885,15966,1442,-14523,17223,972,-16252,24361,1409,-22952,15659,1247,-14412,13303,867,-12437,12787,1322,-11465
36137,CAYMAN ISLANDS,35661,3511,-32150,56470,7393,-49077,82006,21965,-60041,101227,4408,-96819,158802,10881,-147921,35913,3733,-32180,83673,5431,-78242,98017,7838,-90179,93636,7477,-86159,120539,30491,-90047,276607,125364,-151243,240584,60525,-180059,285418,55654,-229765,238084,6637,-231447,546941,50578,-496363,482897,72640,-410257,608834,57277,-551557,972374,95936,-876438,685495,13590,-671905,560433,81129,-479304,502411,66104,-436307,614366,66757,-547609
36161,"BONAIRE, SINT EUSTATIUS, & SABA",0,0,0,0,0,0,0,0,0,0,0,0,0,0,0,0,0,0,0,0,0,0,0,0,0,0,0,0,0,0,0,0,0,0,0,0,0,0,0,0,0,0,0,0,0,0,0,0,0,0,0,0,0,0,0,0,0,0,0,0,0,0,0,0,0,0
36188,CURACAO,0,0,0,0,0,0,0,14,14,0,11,11,0,12,12,0,10,10,0,8,8,0,26,26,0,34,34,0,50,50,76868,50,-76818,71645,702,-70943,62020,43,-61977,83577,8,-83569,67578,63,-67515,35010,31,-34979,39350,9,-39342,20529,12,-20518,27346,20,-27325,51913,257,-51656,51425,0,-51424,37418,0,-37417
36196,SINT MAARTEN,0,0,0,0,0,0,0,0,0,0,0,0,0,0,0,0,0,0,0,0,0,0,0,0,0,0,0,0,0,0,0,0,0,0,0,0,0,0,0,0,0,0,0,0,0,0,0,0,0,0,0,0,0,0,0,0,0,0,0,0,0,0,0,0,0,0
36218,DOMINICA,0,0,0,0,0,0,0,0,0,0,0,0,0,0,0,0,0,0,0,0,0,0,0,0,0,0,0,0,0,0,0,0,0,0,0,0,0,0,0,0,0,0,0,0,0,0,0,0,0,0,0,0,0,0,0,0,0,0,0,0,0,0,0,0,0,0
36307,FALKLAND ISLANDS,0,0,0,0,0,0,1,1,0,1,1,0,3,1,-2,1,1,0,4,1,-2,29,2,-28,17,0,-17,24,0,-24,18,1,-17,12,10,-2,5,0,-5,1,0,-1,0,0,0,1,1,0,1,1,0,0,0,0,0,0,0,0,0,0,0,0,0,0,0,0
36404,FRENCH GUIANA,0,0,0,0,0,0,0,0,0,8,8,0,0,0,0,0,0,0,0,0,0,0,0,0,0,0,0,0,0,0,0,0,0,0,0,0,0,0,0,0,0,0,0,0,0,0,0,0,0,0,0,0,0,0,0,0,0,0,0,0,0,0,0,0,0,0
36471,ST MARTIN & ST BARTHELEMY,0,0,0,0,0,0,0,0,0,0,0,0,0,0,0,0,0,0,0,0,0,0,0,0,0,0,0,0,0,0,0,0,0,0,0,0,0,0,0,0,0,0,0,0,0,0,0,0,0,0,0,0,0,0,0,0,0,0,0,0,0,0,0,0,0,0
36706,GRENADA,0,0,0,0,0,0,0,0,0,0,0,0,0,0,0,0,0,0,0,0,0,0,0,0,0,0,0,0,0,0,0,0,0,0,0,0,0,0,0,0,0,0,0,0,0,0,0,0,0,0,0,0,0,0,0,0,0,0,0,0,0,0,0,0,0,0
36803,GUADELOUPE,0,0,0,0,0,0,0,0,0,0,0,0,0,0,0,0,0,0,0,0,0,0,0,0,0,0,0,0,0,0,20,0,-20,0,0,0,0,0,0,0,0,0,0,0,0,0,0,0,0,0,0,0,0,0,0,0,0,0,0,0,0,0,0,0,0,0
37001,AND SMALLER FRENCH ISLANDS IN THE WEST INDIES,0,0,0,0,0,0,0,0,0,0,0,0,0,0,0,0,0,0,0,0,0,0,0,0,0,0,0,0,0,0,0,0,0,0,0,0,0,0,0,0,0,0,0,0,0,0,0,0,0,0,0,0,0,0,0,0,0,0,0,0,0,0,0,0,0,0
37109,MONTSERRAT,0,0,0,0,0,0,0,0,0,0,0,0,0,0,0,0,0,0,0,0,0,0,0,0,0,0,0,0,0,0,0,0,0,0,0,0,0,0,0,0,0,0,0,0,0,0,0,0,0,0,0,0,0,0,0,0,0,0,0,0,0,0,0,0,0,0
37206,NETHERLANDS ANTILLES,23302,2537,-20765,28669,2974,-25695,45195,4194,-41001,56043,48,-55995,87646,258,-87389,36912,176,-36736,55867,216,-55650,81540,298,-81241,60302,187,-60115,60055,524,-59531,0,0,0,0,0,0,0,0,0,0,0,0,0,0,0,0,0,0,0,0,0,0,0,0,0,0,0,0,0,0,0,0,0,0,0,0
37303,SAINT KITTS AND NEVIS,0,0,0,0,0,0,0,0,0,0,0,0,0,0,0,0,0,0,0,0,0,0,0,0,0,0,0,0,0,0,0,0,0,0,0,0,0,0,0,0,0,0,0,0,0,0,0,0,0,0,0,0,0,0,0,0,0,0,0,0,0,0,0,0,0,0
37508,SAINT LUCIA,0,0,0,0,0,0,0,0,0,0,0,0,0,0,0,0,0,0,0,0,0,0,0,0,2,2,0,0,0,0,0,0,0,0,0,0,0,0,0,0,0,0,0,0,0,0,0,0,0,0,0,0,0,0,0,0,0,0,0,0,0,0,0,0,0,0
37605,SAINT VINCENT AND THE GRENADINES,0,0,0,0,0,0,0,0,0,0,0,0,0,0,0,0,0,0,0,0,0,0,0,0,0,0,0,0,0,0,0,0,0,0,0,0,0,0,0,0,0,0,0,0,0,0,0,0,0,0,0,0,0,0,0,0,0,0,0,0,0,0,0,0,0,0
37702,SURINAME,0,0,0,0,0,0,0,0,0,0,0,0,0,0,0,0,0,0,0,0,0,0,0,0,0,0,0,0,0,0,0,0,0,0,0,0,0,0,0,0,0,0,0,0,0,0,0,0,0,0,0,0,0,0,0,0,0,0,0,0,0,0,0,0,0,0
37818,TURKS AND CAICOS ISLANDS,0,0,0,0,0,0,0,0,0,0,0,0,0,0,0,0,0,0,0,0,0,0,0,0,0,0,0,0,0,0,0,0,0,0,0,0,0,0,0,0,0,0,1,1,0,1,1,0,1,1,0,1,1,0,1,1,0,1,1,0,0,0,0,0,0,0
40401,AFGHANISTAN,0,0,0,0,0,0,0,0,0,0,0,0,0,0,0,0,0,0,0,0,0,0,0,0,0,0,0,0,0,0,0,0,0,0,0,0,0,0,0,0,0,0,0,0,0,0,0,0,0,0,0,0,0,0,0,0,0,0,0,0,0,0,0,0,0,0
40703,BAHRAIN,0,0,0,0,0,0,0,0,0,16,16,0,194,194,0,52,52,0,8,8,0,19,19,0,16,16,0,23,23,0,23,23,0,345,345,0,212,214,2,237,237,0,123,124,1,99,99,0,356,356,0,234,234,0,299,299,0,47,47,0,82,82,0,85,85,0
40746,BANGLADESH,0,0,0,0,0,0,0,0,0,4,4,0,163,163,0,46,46,0,12,12,0,69,69,0,79,79,0,102,102,0,235,235,0,580,580,0,564,564,0,578,551,-27,841,803,-38,704,673,-31,592,572,-20,476,421,-55,426,426,0,239,239,0,171,171,0,110,110,0
40819,BHUTAN,0,0,0,0,0,0,0,0,0,0,0,0,0,0,0,0,0,0,0,0,0,0,0,0,0,0,0,0,0,0,0,0,0,0,0,0,0,0,0,0,0,0,0,0,0,0,0,0,0,0,0,0,0,0,0,0,0,0,0,0,0,0,0,0,0,0
41009,BRUNEI,0,0,0,0,0,0,0,0,0,0,0,0,0,0,0,0,0,0,0,0,0,0,0,0,0,0,0,0,0,0,0,0,0,0,0,0,0,0,0,0,0,0,0,0,0,0,0,0,0,0,0,0,0,0,0,0,0,0,0,0,0,0,0,0,0,0
41106,BURMA (MYANMAR),0,0,0,0,0,0,0,0,0,0,0,0,0,0,0,0,0,0,0,0,0,0,0,0,0,0,0,0,0,0,0,0,0,0,0,0,0,0,0,0,0,0,0,0,0,0,0,0,0,0,0,0,0,0,0,0,0,0,0,0,0,0,0,0,0,0
41203,CAMBODIA,0,0,0,0,0,0,0,0,0,0,2,2,0,38,38,0,44,44,0,30,30,0,42,42,0,68,68,0,200,200,0,511,511,0,350,350,0,200,200,0,213,213,0,363,363,0,476,476,0,598,598,0,372,372,0,163,163,0,156,156,0,60,60,0,44,44
41319,SRI LANKA,33,33,0,31,31,0,74,74,0,145,145,0,166,166,0,64,64,0,224,224,0,704,704,0,529,529,0,557,557,0,586,586,0,819,819,0,540,540,0,399,399,0,497,497,0,338,338,0,333,333,0,183,183,0,113,113,0,47,48,1,78,80,2,49,52,3
41408,"CHINA, MAINLAND",12878,24170,11292,11641,23211,11570,26505,44561,18056,73796,116097,42301,95598,192591,96993,53170,100556,47386,101382,195969,94588,100366,232836,132471,73482,190186,116704,90112,221431,131319,97683,261726,164043,125835,329422,203587,98380,346013,247633,95161,328766,233605,154118,645327,491209,147388,558685,411298,200093,725292,525200,246949,1014550,767600,262419,783385,520965,220332,606328,385996,195859,527969,332110,219044,628796,409752
42005,HONG KONG,36072,30965,-5107,35153,38039,2886,43739,46649,2910,84603,76192,-8411,117827,106079,-11748,59604,48595,-11009,88966,80291,-8675,129493,110977,-18516,108146,91886,-16259,133051,113788,-19263,128588,131576,2988,132335,128454,-3880,123572,124343,771,111749,120713,8964,146560,165792,19231,150707,155026,4320,160171,175635,15464,149949,190999,41050,130165,187605,57440,113606,165365,51760,90676,113890,23214,80954,106010,25056
42102,INDIA,18407,18406,-1,23091,23089,-2,32666,32664,-2,47590,47486,-104,81378,81385,6,28800,28892,92,61309,61513,204,86286,86621,335,54364,54751,388,74065,74549,483,81778,83033,1255,121107,122854,1747,119281,120671,1389,121962,123311,1349,178919,181555,2636,162306,164082,1776,182701,187454,4753,219328,224709,5381,288062,292302,4239,272288,276234,3946,337533,341425,3892,367380,371033,3654
42218,INDONESIA,4371,4371,0,6096,6100,4,7126,7126,0,11463,11463,0,15075,15077,2,7017,7017,0,15461,15461,0,25237,25250,12,27156,27105,-51,30324,26427,-3898,24124,20874,-3250,31904,31908,4,25377,25377,0,30336,30336,0,39773,39810,38,33925,33957,32,36233,36277,44,30173,30202,29,33582,33620,39,36149,36189,40,41259,41290,31,35614,37609,1995
42307,IRAN,0,0,0,0,0,0,0,0,0,0,0,0,0,0,0,0,0,0,0,0,0,0,0,0,0,0,0,0,0,0,0,0,0,0,0,0,0,0,0,0,0,0,0,0,0,0,0,0,0,0,0,0,0,0,0,0,0,0,0,0,0,0,0,0,0,0
42404,IRAQ,0,0,0,0,0,0,0,0,0,0,0,0,0,0,0,0,0,0,0,0,0,0,0,0,0,0,0,0,0,0,0,0,0,3,3,0,3,3,0,0,0,0,3,3,0,0,0,0,0,0,0,0,0,0,4,4,0,0,0,0,0,0,0,0,0,0
42501,ISRAEL,16267,16289,22,19030,19046,16,29113,29132,19,25899,25839,-60,38800,38799,-1,30869,30868,-1,44208,44206,-2,44684,44692,8,37006,37044,38,37128,35686,-1442,46048,40753,-5295,56727,54573,-2154,60895,67196,6301,45929,51065,5136,48131,48884,753,46393,47451,1058,50222,55954,5733,70205,81632,11427,90106,87723,-2383,65776,64289,-1487,71584,68515,-3069,94771,91611,-3160
42609,JAPAN,255126,255144,18,329834,329873,39,492105,492212,107,541878,542100,222,525725,525880,155,343618,343720,102,367560,367646,86,445144,445173,29,387208,387247,39,421790,421817,27,597475,597503,28,579876,581554,1678,684375,684537,162,686556,686798,243,894686,894879,192,749480,749969,490,906776,907122,346,994388,994613,225,1010065,1010109,45,825160,825167,7,972353,972363,10,988334,988596,262
42706,JORDAN,40,40,0,18,18,0,40,40,0,28,28,0,83,83,0,52,52,0,65,63,-1,87,87,0,106,106,0,142,142,0,162,162,0,196,196,0,136,136,0,147,147,0,148,148,0,115,115,0,97,97,0,35,35,0,28,130,101,39,151,112,19,195,176,8,301,293
43001,"KOREA, SOUTH",47327,47327,0,64450,64448,-2,105593,105587,-6,110041,110037,-4,125458,125445,-14,44001,44001,0,85287,85277,-9,118933,118921,-12,112952,112942,-10,136417,136429,12,140705,140792,88,133586,132634,-952,131475,131463,-11,143211,142813,-398,226288,226260,-29,177519,177497,-21,196318,196297,-20,255769,255655,-114,235029,235030,1,168773,168784,11,213816,214007,192,162086,162316,230
43109,KUWAIT,0,0,0,0,0,0,0,0,0,0,0,0,8,0,-8,62,62,0,117,117,0,235,235,0,283,283,0,290,290,0,535,535,0,788,788,0,645,643,-2,574,491,-83,640,550,-90,1536,1379,-157,2649,2409,-240,3643,3643,0,4736,4742,5,6396,6400,4,5806,5806,0,7185,7185,0
43303,LAOS,0,0,0,0,0,0,0,0,0,0,0,0,0,0,0,0,0,0,0,0,0,0,0,0,0,0,0,0,0,0,0,0,0,0,0,0,0,0,0,0,0,0,0,0,0,0,0,0,0,0,0,0,0,0,0,0,0,0,0,0,0,0,0,0,0,0
43419,LEBANON,23,23,0,49,49,0,100,100,0,87,87,0,141,141,0,90,90,0,136,136,0,166,166,0,153,153,0,150,150,0,85,85,0,241,241,0,88,88,0,79,79,0,57,57,0,32,32,0,5,5,0,8,8,0,15,15,0,26,26,0,38,39,1,1,2,1
43508,MACAU,0,0,0,0,0,0,0,0,0,0,0,0,0,0,0,0,0,0,0,0,0,0,0,0,0,0,0,0,0,0,0,0,0,0,0,0,0,0,0,0,0,0,0,0,0,0,0,0,0,0,0,0,0,0,0,0,0,0,0,0,0,0,0,0,0,0
43605,MALAYSIA,4055,3974,-81,6446,6691,245,6901,7177,276,10754,11041,287,17637,18041,404,6658,6916,258,12056,12249,193,20097,20099,2,20506,20506,0,25056,25056,0,28287,28318,31,25244,25319,75,19596,19637,41,18467,18493,27,26211,26242,31,21965,22004,39,20716,20765,49,18459,18498,38,17141,17274,133,16417,16549,133,16267,16294,27,20534,20675,141
43702,MALDIVES,0,0,0,0,0,0,0,0,0,0,0,0,0,0,0,0,0,0,0,0,0,0,0,0,0,0,0,0,0,0,0,0,0,0,0,0,0,0,0,0,0,0,0,0,0,0,0,0,0,0,0,0,0,0,0,0,0,0,0,0,0,0,0,0,0,0
43818,MONGOLIA,0,0,0,0,0,0,0,0,0,0,0,0,0,0,0,0,0,0,0,0,0,0,0,0,0,0,0,0,0,0,0,0,0,0,0,0,0,0,0,0,0,0,0,0,0,0,0,0,0,0,0,0,0,0,0,0,0,0,0,0,0,0,0,1,0,-1
44105,OMAN,0,0,0,0,0,0,90,90,0,252,252,0,786,786,0,262,262,0,233,233,0,306,306,0,280,280,0,387,387,0,475,475,0,630,630,0,334,334,0,300,280,-20,159,159,0,156,131,-25,143,114,-29,50,50,0,41,41,0,39,39,0,33,33,0,66,66,0
44202,NEPAL,0,0,0,0,0,0,0,0,0,0,0,0,0,0,0,0,0,0,0,0,0,0,0,0,0,0,0,0,0,0,0,0,0,0,0,0,0,0,0,0,0,0,0,0,0,0,0,0,0,0,0,0,0,0,0,0,0,0,0,0,0,0,0,0,0,0
44407,"KOREA, NORTH",0,0,0,0,0,0,0,0,0,0,0,0,0,0,0,0,0,0,0,0,0,0,0,0,0,0,0,0,0,0,0,0,0,0,0,0,0,0,0,0,0,0,0,0,0,0,0,0,0,0,0,0,0,0,0,0,0,0,0,0,0,0,0,0,0,0
44709,PAKISTAN,85,85,0,111,111,0,363,363,0,773,773,0,1428,1428,0,434,434,0,491,491,0,881,881,0,677,677,0,1025,1025,0,1269,1269,0,2065,2065,0,1811,1811,0,2763,2763,0,2116,2113,-3,1343,1344,2,1272,1274,2,796,817,21,438,438,0,264,264,0,337,337,0,346,346,0
44806,PHILIPPINES,1484,1467,-17,2064,2064,0,3058,3058,0,6049,6049,0,9869,9869,0,4267,4264,-2,6086,6086,0,9020,9020,0,9263,9263,0,14582,14582,0,13861,13798,-63,18277,18153,-124,16307,16287,-19,15738,15732,-6,20882,20901,19,19300,19294,-6,19980,19976,-5,14558,14551,-7,14201,14208,7,10436,10441,5,10947,10948,1,10984,10984,0
45004,EAST TIMOR,0,0,0,0,0,0,0,0,0,0,0,0,0,0,0,0,0,0,0,0,0,0,0,0,0,0,0,0,0,0,0,0,0,0,0,0,0,0,0,0,0,0,0,0,0,0,0,0,0,0,0,0,0,0,0,0,0,0,0,0,0,0,0,0,0,0
45101,QATAR,0,0,0,1,1,0,0,0,0,0,0,0,355,355,0,393,393,0,366,366,0,651,651,0,708,708,0,786,786,0,1570,1570,0,2837,2837,0,2423,2423,0,3227,3247,20,3439,3439,0,5728,5728,0,6292,6292,0,5870,5870,0,7194,7194,0,8281,8281,0,7972,7972,0,7850,7850,0
45608,SAUDI ARABIA,0,0,0,0,0,0,0,0,0,0,0,0,1,1,0,0,0,0,1,1,0,1,1,0,0,0,0,0,0,0,0,5,5,0,16,16,5,34,29,88,168,80,267,355,89,655,811,157,15113,15353,240,20866,20601,-265,32368,32368,0,36409,36410,1,43538,43535,-3,44850,44852,1
46019,SINGAPORE,21921,15727,-6194,23475,18961,-4514,28698,24490,-4208,42819,36551,-6268,53827,45335,-8492,22800,21310,-1490,42349,39445,-2905,51049,47443,-3606,44105,38397,-5708,53226,47761,-5465,56342,45948,-10394,67854,46673,-21181,77000,39088,-37912,94525,37229,-57296,136769,52316,-84452,47544,44862,-2682,51985,51953,-32,46573,70615,24042,52728,89303,36575,59638,65623,5985,60738,59742,-995,103064,112078,9014
46205,SYRIA,0,0,0,0,0,0,0,0,0,0,0,0,0,0,0,0,0,0,0,0,0,0,0,0,0,0,0,0,0,0,0,0,0,0,0,0,0,0,0,0,0,0,0,0,0,0,0,0,0,0,0,0,0,0,0,0,0,0,0,0,0,0,0,0,0,0
46302,TAIWAN,26936,27097,161,34530,34522,-8,57053,57254,201,74189,75186,997,80891,82114,1223,41121,41392,271,76495,76977,482,94115,94498,383,71696,72361,666,87305,88610,1305,97830,100066,2236,114008,115654,1646,107507,109159,1652,130239,131516,1277,177691,181473,3782,157941,162026,4085,214775,221425,6651,304166,320059,15893,369016,387774,18758,231211,241270,10059,315550,326600,11051,460616,469724,9108
46418,THAILAND,6323,6333,10,5759,5760,1,8768,8773,5,10823,10842,19,15748,15775,27,6578,6587,9,12792,12967,174,20988,21283,295,21283,21963,680,33182,34048,866,28324,29052,728,33961,33990,29,26807,26830,23,34035,34075,40,46522,46552,30,34209,36034,1824,36688,36688,0,28165,28165,0,28249,28249,0,32453,32453,0,27713,27713,0,27161,27161,0
46604,UNITED ARAB EMIRATES,0,7,7,0,44,44,45,230,185,29,244,215,832,1448,616,315,440,125,596,879,284,958,1268,310,999,1315,316,1568,1896,327,3731,4431,700,5244,6511,1267,5970,6611,641,7171,7608,438,8512,9420,908,7603,7609,5,7249,7253,3,5776,5856,80,10558,10729,172,14748,14588,-160,17274,17146,-128,24086,23798,-288
46906,VIETNAM,0,0,0,0,0,0,0,0,0,0,0,0,11,59,48,6,8,2,176,174,-2,406,398,-8,652,641,-10,1073,1065,-8,1392,1387,-5,1778,1778,0,1978,1984,5,1934,1906,-28,2883,2889,6,2605,2605,0,2368,2368,0,2479,2479,0,3144,3150,6,2043,2072,28,2478,2785,308,3105,3336,231
47104,YEMEN,0,0,0,0,0,0,0,0,0,0,0,0,0,0,0,0,0,0,0,0,0,0,0,0,0,0,0,0,0,0,0,0,0,0,0,0,0,0,0,0,0,0,0,0,0,0,0,0,0,0,0,0,0,0,0,0,0,0,0,0,0,0,0,0,0,0
47201,WEST BANK AND GAZA,0,0,0,0,0,0,0,0,0,0,0,0,0,0,0,0,0,0,0,0,0,0,0,0,1,1,0,1,1,0,0,0,0,25,25,0,1,1,0,0,0,0,0,0,0,0,0,0,0,0,0,0,0,0,0,0,0,0,0,0,0,0,0,0,0,0
50105,ALGERIA,0,0,0,0,0,0,0,0,0,0,0,0,0,0,0,0,0,0,0,0,0,0,0,0,0,0,0,0,0,0,0,0,0,0,0,0,0,0,0,0,0,0,0,0,0,0,0,0,0,0,0,0,0,0,0,0,0,0,0,0,0,0,0,0,0,0
50202,ANGOLA,0,0,0,0,0,0,0,0,0,0,0,0,0,0,0,0,0,0,0,0,0,0,0,0,0,0,0,0,0,0,0,0,0,0,0,0,0,0,0,0,0,0,0,0,0,0,0,0,0,0,0,0,0,0,0,0,0,0,0,0,0,0,0,0,0,0
50504,BOTSWANA,3,3,0,3,3,0,3,3,0,4,3,-1,5,3,-2,11,9,-2,40,40,0,45,45,0,63,63,0,66,66,0,68,68,0,98,98,0,78,78,0,48,48,0,45,45,0,39,39,0,30,30,0,17,17,0,16,16,0,7,7,0,7,7,0,5,5,0
50806,BURUNDI,0,0,0,0,0,0,0,0,0,0,0,0,0,0,0,0,0,0,0,0,0,0,0,0,0,0,0,0,0,0,0,0,0,0,0,0,0,0,0,0,0,0,0,0,0,0,0,0,0,0,0,0,0,0,0,0,0,0,0,0,0,0,0,0,0,0
51004,CAMEROON,0,0,0,0,0,0,0,0,0,0,0,0,0,0,0,0,0,0,0,0,0,1,1,0,3,2,-1,4,4,0,2,2,0,0,0,0,0,0,0,0,0,0,0,0,0,0,0,0,0,0,0,0,0,0,0,0,0,0,0,0,0,0,0,0,0,0
51209,"CAPE VERDE, REPUBLIC OF",0,0,0,0,0,0,0,0,0,0,0,0,0,0,0,0,0,0,0,0,0,0,0,0,0,0,0,0,0,0,0,0,0,0,0,0,0,0,0,0,0,0,0,0,0,0,0,0,0,0,0,0,0,0,0,0,0,0,0,0,0,0,0,0,0,0
51306,CENTRAL AFRICAN REPUBLIC,0,0,0,0,0,0,0,0,0,0,0,0,0,0,0,0,0,0,0,0,0,0,0,0,0,0,0,0,0,0,0,0,0,0,0,0,0,0,0,0,0,0,0,0,0,0,0,0,0,0,0,0,0,0,0,0,0,0,0,0,0,0,0,0,0,0
51403,CHAD,0,0,0,0,0,0,0,0,0,0,0,0,0,0,0,0,0,0,0,0,0,0,0,0,0,0,0,0,0,0,0,0,0,0,0,0,0,0,0,0,0,0,0,0,0,0,0,0,0,0,0,0,0,0,0,0,0,0,0,0,0,0,0,0,0,0
51519,COMOROS,0,0,0,0,0,0,0,0,0,0,0,0,0,0,0,0,0,0,0,0,0,0,0,0,0,0,0,0,0,0,0,0,0,0,0,0,0,0,0,0,0,0,0,0,0,0,0,0,0,0,0,0,0,0,0,0,0,0,0,0,0,0,0,0,0,0
51608,CONGO (BRAZZAVILLE),0,0,0,0,0,0,0,0,0,0,0,0,0,0,0,0,0,0,0,0,0,0,0,0,0,0,0,0,0,0,0,0,0,0,0,0,0,0,0,0,0,0,0,0,0,0,0,0,0,0,0,0,0,0,0,0,0,0,0,0,0,0,0,0,0,0
51705,CONGO (KINSHASA),0,0,0,0,0,0,0,0,0,0,0,0,0,0,0,0,0,0,0,0,0,0,0,0,0,0,0,0,0,0,0,0,0,0,0,0,0,0,0,0,0,0,0,0,0,0,0,0,0,0,0,0,0,0,0,0,0,0,0,0,0,0,0,0,0,0
51802,BENIN,0,0,0,0,0,0,0,0,0,0,0,0,0,0,0,0,0,0,0,0,0,0,0,0,1,1,0,1,1,0,0,0,0,1,1,0,0,0,0,0,0,0,0,0,0,0,0,0,0,0,0,0,0,0,0,0,0,0,0,0,0,0,0,0,0,0
51942,EQUATORIAL GUINEA,0,0,0,0,0,0,0,0,0,0,0,0,0,0,0,0,0,0,0,0,0,0,0,0,0,0,0,0,0,0,0,0,0,0,0,0,0,0,0,0,0,0,0,0,0,0,0,0,0,0,0,0,0,0,0,0,0,0,0,0,0,0,0,0,0,0
52019,ERITREA,0,0,0,0,0,0,0,0,0,0,0,0,0,0,0,0,0,0,0,0,0,0,0,0,0,0,0,0,0,0,0,0,0,0,0,0,0,0,0,0,0,0,0,0,0,0,0,0,0,0,0,0,0,0,0,0,0,0,0,0,0,0,0,0,0,0
52108,ETHIOPIA,0,0,0,0,0,0,0,0,0,0,0,0,0,0,0,0,0,0,0,0,0,0,0,0,0,0,0,0,0,0,0,0,0,0,0,0,0,0,0,0,0,0,0,0,0,0,0,0,0,0,0,0,0,0,0,0,0,0,0,0,0,0,0,0,0,0
52302,DJIBOUTI,0,0,0,0,0,0,0,0,0,0,0,0,0,0,0,0,0,0,0,0,0,0,0,0,0,0,0,0,0,0,0,0,0,0,0,0,0,0,0,0,0,0,0,0,0,0,0,0,0,0,0,0,0,0,0,0,0,0,0,0,0,0,0,0,0,0
52418,GABON,4,4,0,6,6,0,7,7,0,7,7,0,17,17,0,5,5,0,6,6,0,5,5,0,6,6,0,9,9,0,20,20,0,11,11,0,4,4,0,3,3,0,3,3,0,6,6,0,7,7,0,8,8,0,7,7,0,12,10,-2,9,9,0,4,4,0
52507,"GAMBIA, THE",0,0,0,0,0,0,0,0,0,0,0,0,0,0,0,0,0,0,0,0,0,0,0,0,0,0,0,0,0,0,0,0,0,0,0,0,0,0,0,0,0,0,0,0,0,0,0,0,0,0,0,0,0,0,0,0,0,0,0,0,0,0,0,0,0,0
52604,GHANA,349,349,0,3,3,0,2,2,0,2,2,0,20,20,0,15,15,0,15,15,0,32,32,0,35,35,0,50,50,0,140,140,0,66,66,0,45,45,0,22,34,13,44,52,7,118,117,-1,81,82,1,60,55,-5,56,80,24,27,40,13,43,53,10,67,85,17
52701,GUINEA,0,0,0,0,0,0,0,0,0,0,0,0,0,0,0,0,0,0,0,0,0,0,0,0,0,0,0,0,0,0,0,0,0,0,0,0,0,0,0,0,0,0,0,0,0,0,0,0,0,0,0,0,0,0,0,0,0,0,0,0,0,0,0,0,0,0
53007,COTE D'IVOIRE (IVORY COAST),0,0,0,1,1,0,0,0,0,0,0,0,1,1,0,0,0,0,3,3,0,3,3,0,5,5,0,5,5,0,9,9,0,7,7,0,5,5,0,5,5,0,6,6,0,54,7,-47,11,11,0,14,14,0,25,25,0,17,17,0,23,25,2,24,25,1
53104,KENYA,6,6,0,2,2,0,3,3,0,7,7,0,24,24,0,32,32,0,95,94,-1,187,179,-8,214,207,-7,436,411,-25,787,758,-28,1038,1038,0,803,783,-20,882,863,-19,1179,1167,-12,841,832,-9,1175,1168,-7,919,916,-3,877,877,0,395,395,0,130,130,0,112,112,0
53155,LESOTHO,2,2,0,25,20,-5,0,0,0,0,0,0,0,0,0,0,0,0,0,0,0,0,0,0,4,4,0,1,1,0,1,1,0,0,0,0,0,0,0,0,0,0,0,0,0,0,0,0,0,0,0,0,0,0,0,0,0,0,0,0,0,0,0,0,0,0
53201,LIBERIA,2589,236,-2353,5866,559,-5307,5172,551,-4621,4253,108,-4145,5053,308,-4745,1834,167,-1667,2153,128,-2025,3535,198,-3338,2103,90,-2013,2766,39,-2727,3575,7,-3568,8664,2,-8662,11636,0,-11636,10193,0,-10193,14741,0,-14741,11800,0,-11799,17426,0,-17426,11873,0,-11873,14644,0,-14644,10238,0,-10237,25035,0,-25035,45562,0,-45562
53309,LIBYA,0,0,0,0,0,0,0,0,0,0,0,0,0,0,0,0,0,0,0,0,0,0,0,0,0,0,0,0,0,0,0,0,0,0,0,0,0,0,0,0,0,0,0,0,0,0,0,0,0,0,0,0,0,0,0,0,0,0,0,0,0,0,0,0,0,0
53392,SOUTH SUDAN,0,0,0,0,0,0,0,0,0,0,0,0,0,0,0,0,0,0,0,0,0,0,0,0,0,0,0,0,0,0,0,0,0,0,0,0,0,0,0,0,0,0,0,0,0,0,0,0,0,0,0,0,0,0,0,0,0,0,0,0,0,0,0,0,0,0
53406,MADAGASCAR,0,0,0,0,0,0,0,0,0,0,0,0,0,0,0,0,0,0,0,0,0,2,0,-2,0,0,0,2,0,-2,1,1,0,2,2,0,0,0,0,0,0,0,0,0,0,0,0,0,0,0,0,0,0,0,0,0,0,0,0,0,0,0,0,0,0,0
53503,MALAWI,0,0,0,0,0,0,0,0,0,0,0,0,0,0,0,0,0,0,0,0,0,1,1,0,3,3,0,0,0,0,0,0,0,4,4,0,1,1,0,3,3,0,2,2,0,4,4,0,0,0,0,0,0,0,0,0,0,0,0,0,0,0,0,0,0,0
53589,MALI,0,0,0,0,0,0,0,0,0,0,0,0,0,0,0,0,0,0,0,0,0,0,0,0,0,0,0,0,0,0,0,0,0,0,0,0,0,0,0,0,0,0,0,0,0,0,0,0,0,0,0,0,0,0,0,0,0,0,0,0,0,0,0,0,0,0
53708,MAURITANIA,0,0,0,0,0,0,0,0,0,0,0,0,0,0,0,0,0,0,0,0,0,0,0,0,0,0,0,0,0,0,0,0,0,0,0,0,0,0,0,0,0,0,0,0,0,0,0,0,0,0,0,0,0,0,0,0,0,0,0,0,0,0,0,0,0,0
53805,MAURITIUS,5,5,0,15,15,0,23,23,0,117,117,0,410,133,-277,163,50,-113,506,88,-418,1282,151,-1131,1513,307,-1205,1838,613,-1225,2759,1573,-1186,2225,825,-1400,1891,1310,-581,2187,940,-1246,2415,884,-1531,1787,621,-1166,1732,749,-983,2082,763,-1319,2631,1262,-1368,1784,528,-1256,2779,806,-1973,4900,839,-4061
54003,MOROCCO,16,16,0,89,89,0,231,231,0,268,268,0,331,331,0,349,349,0,246,246,0,383,383,0,353,353,0,523,523,0,399,397,-2,529,529,0,427,427,0,579,579,0,487,487,0,355,355,0,349,349,0,281,275,-6,205,205,0,146,147,1,112,122,10,92,104,12
54089,MOZAMBIQUE,0,0,0,0,0,0,0,0,0,0,0,0,0,0,0,0,0,0,0,0,0,0,0,0,0,0,0,0,0,0,0,0,0,0,0,0,0,0,0,0,0,0,0,0,0,14,14,0,0,0,0,0,0,0,0,0,0,0,0,0,0,0,0,0,0,0
54127,NAMIBIA,0,0,0,1,1,0,1,1,0,2,2,0,3,3,0,3,3,0,4,4,0,1,1,0,2,2,0,1,1,0,5,5,0,46,46,0,1,44,43,72,72,0,231,231,0,318,318,0,153,153,0,100,100,0,29,29,0,15,15,0,13,13,0,11,11,0
54208,NIGER,0,0,0,0,0,0,0,0,0,0,0,0,0,0,0,2,2,0,3,3,0,3,3,0,0,0,0,0,0,0,0,0,0,0,0,0,0,0,0,0,0,0,0,0,0,1,1,0,1,1,0,1,1,0,1,1,0,1,1,0,0,0,0,0,0,0
54305,NIGERIA,30,30,0,6,6,0,4,4,0,10,10,0,231,231,0,91,91,0,257,257,0,667,674,8,804,805,2,1772,1772,0,2528,2688,160,2243,2292,49,1456,1489,33,919,974,55,1294,1376,82,1029,1060,31,875,853,-21,593,609,15,521,547,25,360,385,25,285,315,30,177,202,25
54402,GUINEA-BISSAU,0,0,0,0,0,0,0,0,0,0,0,0,0,0,0,0,0,0,0,0,0,0,0,0,0,0,0,0,0,0,0,0,0,0,0,0,0,0,0,0,0,0,0,0,0,0,0,0,0,0,0,0,0,0,0,0,0,0,0,0,0,0,0,0,0,0
54607,REUNION,0,0,0,0,0,0,0,0,0,0,0,0,0,0,0,0,0,0,0,0,0,0,0,0,0,0,0,0,0,0,0,0,0,0,0,0,0,0,0,0,0,0,0,0,0,0,0,0,0,0,0,0,0,0,0,0,0,0,0,0,0,0,0,0,0,0
54704,ZIMBABWE,13,13,0,14,14,0,32,32,0,135,135,0,157,157,0,40,32,-9,35,35,0,46,15,-30,43,12,-30,98,29,-69,147,51,-96,123,63,-60,65,65,0,42,42,0,64,26,-38,127,68,-59,9,6,-3,12,12,0,27,27,0,28,28,0,3,3,0,1,1,0
55018,RWANDA,0,0,0,0,0,0,0,0,0,0,0,0,0,0,0,0,0,0,0,0,0,0,0,0,0,0,0,0,0,0,0,0,0,0,0,0,0,0,0,0,0,0,0,0,0,5,5,0,6,6,0,4,4,0,5,5,0,4,4,0,3,3,0,4,4,0
55107,SAINT HELENA,0,0,0,0,0,0,0,0,0,0,0,0,0,0,0,0,0,0,0,0,0,0,0,0,0,0,0,0,0,0,0,0,0,0,0,0,0,0,0,0,0,0,0,0,0,0,0,0,0,0,0,0,0,0,0,0,0,0,0,0,0,0,0,0,0,0
55204,SAO TOME AND PRINCIPE,0,0,0,0,0,0,0,0,0,0,0,0,0,0,0,0,0,0,0,0,0,0,0,0,0,0,0,0,0,0,0,0,0,0,0,0,0,0,0,0,0,0,0,0,0,0,0,0,0,0,0,0,0,0,0,0,0,0,0,0,0,0,0,0,0,0
55301,SENEGAL,0,0,0,0,0,0,0,0,0,0,0,0,2,2,0,1,1,0,3,3,0,21,21,0,18,18,0,4,4,0,20,20,0,43,43,0,47,47,0,24,24,0,33,33,0,31,31,0,17,17,0,15,15,0,16,16,0,15,15,0,17,17,0,15,15,0
55409,SEYCHELLES,1,1,0,0,0,0,0,0,0,0,0,0,0,0,0,0,0,0,0,0,0,0,0,0,12,12,0,0,0,0,0,0,0,0,0,0,0,0,0,0,0,0,0,0,0,0,0,0,0,0,0,0,0,0,0,0,0,0,0,0,0,0,0,0,0,0
55506,SIERRA LEONE,0,0,0,0,0,0,0,0,0,0,0,0,0,0,0,0,0,0,0,0,0,0,0,0,0,0,0,0,0,0,0,0,0,0,0,0,0,0,0,0,0,0,0,0,0,0,0,0,0,0,0,0,0,0,0,0,0,0,0,0,0,0,0,0,0,0
55603,SOMALIA,0,0,0,0,0,0,0,0,0,0,0,0,0,0,0,0,0,0,0,0,0,0,0,0,0,0,0,0,0,0,0,0,0,0,0,0,0,0,0,0,0,0,0,0,0,0,0,0,0,0,0,0,0,0,0,0,0,0,0,0,0,0,0,0,0,0
55719,SOUTH AFRICA,15098,15114,16,21572,21496,-76,31564,31546,-18,39421,39408,-13,48893,48896,3,29481,29511,30,44473,44504,32,69795,69907,111,57844,57907,62,70213,70291,78,63864,63995,131,70862,70881,18,54086,56591,2505,66458,69068,2610,99582,99931,349,75104,75731,627,69042,69667,625,64484,65071,587,55167,56089,922,50057,50818,761,45148,48194,3047,45479,49460,3981
56006,WESTERN SAHARA,0,0,0,0,0,0,0,0,0,0,0,0,0,0,0,0,0,0,0,0,0,0,0,0,0,0,0,0,0,0,0,0,0,0,0,0,0,0,0,0,0,0,0,0,0,0,0,0,0,0,0,0,0,0,0,0,0,0,0,0,0,0,0,0,0,0
56103,SUDAN,0,0,0,0,0,0,0,0,0,0,0,0,0,0,0,0,0,0,0,0,0,0,0,0,0,0,0,0,0,0,0,0,0,0,0,0,0,0,0,0,0,0,0,0,0,0,0,0,0,0,0,0,0,0,0,0,0,0,0,0,0,0,0,0,0,0
56219,SWAZILAND,0,0,0,0,0,0,0,0,0,0,0,0,0,0,0,2,2,0,3,3,0,3,3,0,0,0,0,412,0,-411,490,0,-490,0,0,0,0,0,0,0,0,0,0,0,0,0,0,0,0,0,0,0,0,0,0,0,0,0,0,0,0,0,0,0,0,0
56405,TANZANIA,0,0,0,0,0,0,0,0,0,0,0,0,0,0,0,0,0,0,0,0,0,0,0,0,0,0,0,0,0,0,0,0,0,10,10,0,68,68,0,54,54,0,44,44,0,37,37,0,35,35,0,28,28,0,29,29,0,59,59,0,48,48,0,58,58,0
56502,TOGO,0,0,0,0,0,0,0,0,0,0,0,0,0,0,0,2,2,0,1,1,0,8,0,-8,2,0,-2,0,0,0,17,0,-17,51,51,0,136,136,0,52,0,-52,27,0,-27,31,0,-31,20,0,-20,16,0,-16,25,0,-25,25,0,-25,30,0,-30,25,0,-25
56707,TUNISIA,0,0,0,0,0,0,0,0,0,4,4,0,4,4,0,8,8,0,12,12,0,14,14,0,28,28,0,31,31,0,50,50,0,61,61,0,78,78,0,61,61,0,44,44,0,32,32,0,33,33,0,25,25,0,17,17,0,15,15,0,9,9,0,9,9,0
56804,UGANDA,0,0,0,0,0,0,0,0,0,0,0,0,0,0,0,0,0,0,0,0,0,0,0,0,0,0,0,19,19,0,17,17,0,32,32,0,14,14,0,12,12,0,9,9,0,11,11,0,11,11,0,13,13,0,12,12,0,12,12,0,16,16,0,25,25,0
57002,EGYPT,515,781,266,1092,1214,122,2562,2856,294,4344,4705,361,8864,9333,469,2565,2595,30,4116,4116,0,5113,5113,0,2723,2723,0,3266,3266,0,2106,2106,0,3417,3404,-12,2706,2700,-6,2247,2250,3,2938,2945,7,2816,2931,115,3734,3832,98,2596,2691,94,2846,2965,118,1643,1703,60,2003,2037,34,1620,1699,79
57118,BURKINA FASO,0,0,0,0,0,0,0,0,0,0,0,0,0,0,0,0,0,0,0,0,0,0,0,0,0,0,0,0,0,0,0,0,0,1,1,0,1,1,0,0,0,0,0,0,0,0,0,0,0,0,0,0,0,0,0,0,0,0,0,0,2,2,0,0,0,0
57207,ZAMBIA,5,5,0,2,0,-2,11,7,-4,16,13,-3,75,73,-1,35,34,-1,46,46,0,44,44,0,15,13,-2,10,10,0,14,9,-5,33,28,-5,26,24,-3,9,9,0,8,4,-4,5,3,-2,3,3,0,2,2,0,3,3,0,3,3,0,2,2,0,1,1,0
60089,AUSTRALIA,45316,44975,-341,56016,55935,-81,70317,70169,-148,100754,101557,803,133971,135351,1380,60650,61428,778,119008,120562,1554,144152,145588,1436,118085,120162,2077,133726,135955,2229,130791,133809,3017,132630,133586,956,123602,125247,1645,144773,146231,1457,181438,185764,4326,164238,168262,4025,173067,181724,8657,202450,219072,16622,223696,268859,45163,236884,243705,6821,247391,253083,5692,220796,226303,5507
60119,WALLIS AND FUTUNA,0,0,0,0,0,0,0,0,0,0,0,0,0,0,0,0,0,0,0,0,0,0,0,0,0,0,0,0,0,0,0,0,0,0,0,0,0,0,0,0,0,0,0,0,0,0,0,0,0,0,0,0,0,0,0,0,0,0,0,0,0,0,0,0,0,0
60208,BRITISH INDIAN OCEAN TERRITORY,0,0,0,0,0,0,0,0,0,0,0,0,0,0,0,0,0,0,0,0,0,0,0,0,0,0,0,0,0,0,0,0,0,0,0,0,0,0,0,0,0,0,0,0,0,0,0,0,0,0,0,0,0,0,0,0,0,0,0,0,0,0,0,0,0,0
60305,FEDERATED STATES OF MICRONESIA,0,0,0,0,0,0,0,0,0,0,0,0,0,0,0,0,0,0,0,0,0,0,0,0,0,0,0,0,0,0,0,0,0,0,0,0,0,0,0,0,0,0,0,0,0,0,0,0,0,0,0,0,0,0,0,0,0,0,0,0,0,0,0,0,0,0
60402,COOK ISLANDS,0,0,0,0,0,0,0,0,0,0,0,0,0,0,0,0,0,0,0,0,0,0,0,0,0,0,0,0,0,0,0,0,0,0,0,0,0,0,0,0,0,0,0,0,0,2,0,-2,10,0,-10,12,0,-12,0,0,0,0,0,0,0,0,0,0,0,0
60518,TUVALU,0,0,0,0,0,0,0,0,0,0,0,0,0,0,0,0,0,0,0,0,0,0,0,0,0,0,0,0,0,0,0,0,0,0,0,0,0,0,0,0,0,0,0,0,0,0,0,0,0,0,0,0,0,0,0,0,0,0,0,0,0,0,0,0,0,0
60526,KIRIBATI,0,0,0,0,0,0,0,0,0,0,0,0,0,0,0,1,1,0,1,1,0,2,2,0,0,0,0,0,0,0,0,0,0,0,0,0,0,0,0,0,0,0,0,0,0,0,0,0,0,0,0,0,0,0,0,0,0,0,0,0,0,0,0,0,0,0
60607,FIJI,0,0,0,0,0,0,0,0,0,0,0,0,0,0,0,0,0,0,0,0,0,0,0,0,0,0,0,0,0,0,0,0,0,0,0,0,0,0,0,0,0,0,0,0,0,0,0,0,0,0,0,0,0,0,0,0,0,0,0,0,0,0,0,0,0,0
60704,FRENCH POLYNESIA,0,0,0,0,0,0,0,0,0,0,0,0,0,0,0,0,0,0,0,0,0,0,0,0,0,0,0,0,0,0,0,0,0,0,0,0,0,0,0,0,0,0,0,0,0,0,0,0,0,0,0,0,0,0,0,0,0,0,0,0,0,0,0,0,0,0
61204,MARSHALL ISLANDS,622,41,-581,3616,426,-3190,4863,505,-4358,6680,559,-6121,12163,1817,-10346,4599,932,-3667,5391,210,-5180,6605,472,-6134,4061,249,-3812,5558,1293,-4265,13778,3912,-9867,14868,1973,-12895,10158,2245,-7913,8027,2066,-5961,8135,2239,-5896,6154,720,-5434,9632,209,-9422,6241,27,-6214,10761,200,-10560,12809,56,-12752,11667,42,-11625,9036,27,-9009
61301,NAURU,0,0,0,0,0,0,0,0,0,0,0,0,0,0,0,0,0,0,0,0,0,0,0,0,0,0,0,0,0,0,0,0,0,0,0,0,0,0,0,0,0,0,0,0,0,0,0,0,0,0,0,0,0,0,0,0,0,0,0,0,0,0,0,0,0,0
61409,NEW CALEDONIA,0,0,0,0,0,0,0,0,0,0,0,0,0,0,0,0,0,0,0,0,0,0,0,0,0,0,0,0,0,0,0,0,0,0,0,0,0,0,0,0,0,0,0,0,0,0,0,0,0,0,0,0,0,0,0,0,0,0,0,0,0,0,0,0,0,0
61603,VANUATU,0,0,0,0,0,0,0,0,0,0,0,0,0,0,0,0,0,0,0,0,0,0,0,0,0,0,0,0,0,0,0,0,0,0,0,0,0,0,0,0,0,0,0,0,0,0,0,0,0,0,0,0,0,0,0,0,0,0,0,0,0,0,0,0,0,0
61689,NEW ZEALAND,3750,3750,0,4611,4611,0,4586,4586,0,4619,4619,0,3823,3828,5,1630,1630,0,2613,2612,-2,2900,2898,-2,2978,2977,-2,3547,3545,-2,4341,4339,-3,6002,5997,-5,6639,6639,0,7365,7320,-45,9450,9425,-25,10361,10317,-44,13044,13004,-40,16855,13038,-3817,14479,10663,-3816,9956,8807,-1149,10291,8141,-2151,10479,7709,-2771
61751,PAPUA NEW GUINEA,228,176,-52,310,215,-95,782,570,-212,1297,1174,-123,2429,2189,-240,1820,1471,-349,2802,2049,-753,1310,13,-1297,1355,10,-1344,1479,15,-1465,1672,24,-1648,1562,10,-1552,1616,8,-1608,1790,6,-1784,1958,9,-1949,1552,5,-1546,1739,1,-1738,897,0,-897,2,0,-2,2,0,-2,1,1,0,12,6,-5
61808,NIUE,0,0,0,0,0,0,0,0,0,0,0,0,0,0,0,0,0,0,0,0,0,0,0,0,0,0,0,0,0,0,0,0,0,0,0,0,0,0,0,0,0,0,0,0,0,0,0,0,0,0,0,0,0,0,0,0,0,0,0,0,0,0,0,0,0,0
62103,PITCAIRN ISLANDS,0,0,0,0,0,0,0,0,0,0,0,0,0,0,0,0,0,0,0,0,0,0,0,0,0,0,0,0,0,0,0,0,0,0,0,0,0,0,0,0,0,0,0,0,0,0,0,0,0,0,0,0,0,0,0,0,0,0,0,0,0,0,0,0,0,0
62219,SAINT PIERRE AND MIQUELON,0,0,0,0,0,0,0,0,0,0,0,0,0,0,0,0,0,0,0,0,0,0,0,0,0,0,0,0,0,0,0,0,0,0,0,0,0,0,0,0,0,0,0,0,0,0,0,0,0,0,0,0,0,0,0,0,0,0,0,0,0,0,0,0,0,0
62308,SOLOMON ISLANDS,0,0,0,0,0,0,0,0,0,0,0,0,0,0,0,0,0,0,0,0,0,0,0,0,0,0,0,0,0,0,0,0,0,0,0,0,0,0,0,0,0,0,0,0,0,0,0,0,0,0,0,0,0,0,0,0,0,0,0,0,0,0,0,0,0,0
62405,TOKELAU ISLANDS,0,0,0,0,0,0,0,0,0,0,0,0,0,0,0,0,0,0,0,0,0,0,0,0,0,0,0,0,0,0,0,0,0,0,0,0,0,0,0,0,0,0,0,0,0,0,0,0,0,0,0,0,0,0,0,0,0,0,0,0,0,0,0,0,0,0
62448,TONGA,0,0,0,0,0,0,0,0,0,0,0,0,0,0,0,0,0,0,0,0,0,0,0,0,0,0,0,0,0,0,0,0,0,0,0,0,0,0,0,0,0,0,0,0,0,0,0,0,0,0,0,0,0,0,0,0,0,0,0,0,0,0,0,0,0,0
62502,PALAU,0,0,0,0,0,0,0,0,0,0,0,0,0,0,0,0,0,0,0,0,0,0,0,0,0,0,0,0,0,0,0,0,0,0,0,0,0,0,0,0,0,0,0,0,0,0,0,0,0,0,0,0,0,0,0,0,0,0,0,0,0,0,0,0,0,0
62618,SAMOA,0,0,0,0,0,0,0,0,0,0,0,0,0,0,0,0,0,0,0,0,0,0,0,0,0,0,0,0,0,0,0,0,0,0,0,0,0,0,0,0,0,0,0,0,0,0,0,0,0,0,0,0,0,0,0,0,0,0,0,0,0,0,0,0,0,0
79995,TOTAL INTERNATIONAL & REGIONAL ORGANIZATIONS,366,366,0,372,372,0,21,21,0,327,327,0,366,366,0,303,303,0,277,277,0,380,9,-371,0,0,0,0,0,0,0,0,0,0,0,0,0,0,0,55,55,0,139,139,0,588,588,0,8,8,0,6,6,0,4,4,0,2,2,0,519,519,0,795,795,0
99996,GRAND TOTAL,2006253,2006253,0,2497121,2497121,0,3223739,3223739,0,4165560,4165560,0,4956133,4956133,0,2541430,2541430,0,3704777,3704777,0,4326851,4326851,0,3786421,3786421,0,4487065,4487065,0,5715494,5715494,0,5743877,5743877,0,5758677,5758677,0,5917657,5917657,0,7851484,7851484,0,6654871,6654871,0,8031790,8031790,0,8948166,8948166,0,9873373,9873373,0,8169959,8169959,0,9221330,9221330,0,9667043,9667043,0
